DGL Hover-1 Buggy Attachment		888255177223	9072347	Hype	HY-H1-BGY	Electric Scooters, E-Bikes & Hover Boards	Safety Gear & Accessories	59	12	45
Monster Kart - Black/Red Hoverboard	Go Kart Attaches To any Hoverboa K1-BKRD	850039006487	8965853	Prime	K1-BKRD	Electric Scooters, E-Bikes & Hover Boards	Safety Gear & Accessories	69.99	7	3
Triple Eight Black Sweatsaver Medium Helmet	Sweatsaver Liner - Medium	604352030373	9240899	Triple Eight	3037	Electric Scooters, E-Bikes & Hover Boards	Safety Gear & Accessories	23.24	3	22
Triple Eight Black Sweatsaver XL Helmet	Sweatsaver Liner - XL	604352030380	9240889	Triple Eight	3038	Electric Scooters, E-Bikes & Hover Boards	Safety Gear & Accessories	23.24	6	45
Eight Ball Youth Skateboard Helmet	Matte Black	604352032025	9240979	Triple Eight	3202	Electric Scooters, E-Bikes & Hover Boards	Safety Gear & Accessories	16.73	3	56
Wipeout Youth Dry Erase Helmet	Black	604352040020	9241039	Triple Eight	WP4002	Electric Scooters, E-Bikes & Hover Boards	Safety Gear & Accessories	16.73	7	22
Eight Ball Small/Medium Youth Pad Set	Black (3 Per Pack)	604352621380	9240949	Triple Eight	62138	Electric Scooters, E-Bikes & Hover Boards	Safety Gear & Accessories	13.94	1	11
Eight Ball Medium/Large Youth Pad Set	Black (3 Per Pack)	604352621397	9240939	Triple Eight	62139	Electric Scooters, E-Bikes & Hover Boards	Safety Gear & Accessories	13.94	3	75
Wipeout Medium 3 Pack Pad Set	Black	604352041027	9241009	Triple Eight	WP4102	Electric Scooters, E-Bikes & Hover Boards	Safety Gear & Accessories	11.14	5	23
Ferrari Sports Gloves		6947045656431	9039077	Ferrari	FLKA56584M	Electric Scooters, E-Bikes & Hover Boards	Safety Gear & Accessories	9	8	34
Inland Carrying Bag	For 6.5inch Wheels, Black	12405025069	8668710	ProHT	2506	Electric Scooters, E-Bikes & Hover Boards	Safety Gear & Accessories	3	3	65
Emio Carrier Bag Camo	For Electric Balance Wheel, Camo	859991002285	8727411	High Roller	EBW	Electric Scooters, E-Bikes & Hover Boards	Safety Gear & Accessories	3	5	12
Emio Carrier Bag Black	for Electric Balance Wheel - Black	859991002254	8727441	EmioCycle	EBW	Electric Scooters, E-Bikes & Hover Boards	Safety Gear & Accessories	3	7	67
IPG 8" Brushed Aluminum Protection Skin	Cover Case Dry Application - Gold	787637898162	8777271	INVISIBLE PHONE	IPG 9112BA	Electric Scooters, E-Bikes & Hover Boards	Safety Gear & Accessories	3	2	34
IPG 8" Carbon Fiber Protection Skin Cover	Case Dry Application	787637898155	8777321	INVISIBLE PHONE	IPG 9112CS	Electric Scooters, E-Bikes & Hover Boards	Safety Gear & Accessories	3	4	67
IPG 6.5" Glitter Protection Skin	Cover Case - Black	787637897943	8777421	INVISIBLE PHONE	IPG 9111BG	Electric Scooters, E-Bikes & Hover Boards	Safety Gear & Accessories	2.5	6	23
IPG 6.5"" Pro Protection Skin	Cover Case Dry Application - Blue/Purple	787637902180	8779341	INVISIBLE PHONE	IPG 9111C	Electric Scooters, E-Bikes & Hover Boards	Safety Gear & Accessories	2.5	8	45
IPG 6.5 Brushed Aluminum	Protection Skin Cover Case Dry Application	787637902159	8777401	INVISIBLE PHONE	IPG 9111BA	Electric Scooters, E-Bikes & Hover Boards	Safety Gear & Accessories	2.5	1	65
GOTRAX Hoverflly ION LED Hoverboard	200 Watts Dual Motor	857754007614	9878065	GoTrax	Hoverfly ION	Electric Scooters, E-Bikes & Hover Boards	Safety Gear & Accessories	118	4	34
Samsung - Galaxy Watch	Active Smartwatch 39.5mm Aluminium - Black	887276318011	9801885	Samsung	SM-R500NZKAXAR	Wearable Technology	Smart Watches	199.99	4	21
Apple Watch Series 4 Silver	GPS 40mm Silver	190198840929	9689433	Apple	MU642LL/A	Wearable Technology	Smart Watches	399	3	23
Apple Watch Series 4 Cellular 40mm Space Gray	GPS + Cellular 40mm Space Gray	190198857842	9689043	Apple	MTUG2LL/A	Wearable Technology	Smart Watches	399.99	4	65
Apple Watch Series 4 Gold	GPS 44mm Gold	190198844125	9689163	Apple	MU6F2LL/A	Wearable Technology	Smart Watches	319.99	9	34
Samsung - Galaxy Watch Active	Smartwatch 39.5mm Aluminium - Rose Gold	887276318226	9801895	Samsung	SM-R500NZDAXAR	Wearable Technology	Smart Watches	199.99	3	75
Samsung Galaxy Smart Watch	42MM Rose Gold	887276279565	9649563	Samsung	SM-R810NZDAXAR	Wearable Technology	Smart Watches	249.99	2	34
HP Isaac Mizrahi	Silver Smartwatch - White Strap	889894178961	9276869	HP	P1L46AA#ABA	Wearable Technology	Smart Watches	18	9	2
HealthBand	Bluetooth - Purple	851109007502	9157468	Sky	HB1PU	Wearable Technology	Smart Watches	19.99	3	3
Samsung Gear Sport	Samsung Gear SportSmart Watch - Black	887276236032	9352660	Samsung	SM-R600NZKAXAR	Wearable Technology	Smart Watches	299.99	2	54
Samsung Gear Sport	Samsung Gear SportSmart Watch - Blue	887276236025	9352650	Samsung	SM-R600NZBAXAR	Wearable Technology	Smart Watches	299.99	1	34
Boost Fitness Tracker	Black	624274534230	9769074	Boost	BSW230	Wearable Technology	Activity Trackers & Pedometers	19.99	4	32
Elink OLED Fitness Tracker	with Heart Rate Monitoring	624274534216	9622663	Escape	ELK100SW	Wearable Technology	Activity Trackers & Pedometers	19.99	5	65
Power- To Go Smartwatch	with Health Monitoring	850001830324	9945756	POWER-TO-GO	SW300	Wearable Technology	Activity Trackers & Pedometers	9.99	7	43
Samsung Galaxy Fit Fitness Tracker	Black	887276318332	9871425	Samsung	SM-R370NZKAXAR	Wearable Technology	Activity Trackers & Pedometers	99.99	4	56
Laud Wireless Fitness Wristband Smart Watch	White	817551022081	9176088	LAX GADGETS	LAUDLXFB8-WHT	Wearable Technology	Activity Trackers & Pedometers	23.24	1	14
Laud Wireless Fitness Wristband Smart Watch	Black	817551022074	9175918	LAX GADGETS	LAUDLXFB8-BLK	Wearable Technology	Activity Trackers & Pedometers	23.24	3	12
Naxa Three-in-One Bluetooth®	Fitness Combo	840005011300	8742801	Naxa	NE-946	Wearable Technology	Activity Trackers & Pedometers	39.99	5	34
Laud Fitness Band Activity Tracker	with Heart Rate Monitor - Purple	817551023798	9427611	Laud	LAUDFITHRT-PRP	Wearable Technology	Activity Trackers & Pedometers	27.89	7	52
Bally Activity Tracker Watch	Tracker Watch	21331405821	8468158	Ballys	BLT-1701-BLK	Wearable Technology	Activity Trackers & Pedometers	23.24	4	32
Garmin vivosmart® 3	Large Smart Activity Tracker - Black	753759173739	9179448	Garmin	010-01755-13	Wearable Technology	Activity Trackers & Pedometers	119.99	6	100